Protein_ID,Localizations,Signals,Cytoplasm,Nucleus,Extracellular,Cell membrane,Mitochondrion,Plastid,Endoplasmic reticulum,Lysosome/Vacuole,Golgi apparatus,Peroxisome
sample1_GFP_fused,Cytoplasm,,0.616599977016449,0.3862000107765198,0.3686999976634979,0.23520000278949738,0.4855000078678131,0.062199998646974564,0.22869999706745148,0.08420000225305557,0.1404000073671341,0.01679999940097332
sample2_GFP_fused,Cytoplasm|Mitochondrion,,0.5565999746322632,0.18320000171661377,0.5924999713897705,0.28380000591278076,0.7578999996185303,0.10189999639987946,0.05270000174641609,0.06859999895095825,0.05480000004172325,0.19869999587535858
sample3_GFP_fused,Mitochondrion,Mitochondrial transit peptide,0.3237000107765198,0.1973000019788742,0.5379999876022339,0.16599999368190765,0.7462999820709229,0.05820000171661377,0.05730000138282776,0.1444000005722046,0.09669999778270721,0.08429999649524689
sample4_GFP_fused,Cytoplasm|Extracellular,,0.5419999957084656,0.32910001277923584,0.7427999973297119,0.21719999611377716,0.45249998569488525,0.1151999980211258,0.062199998646974564,0.07540000230073929,0.0608999989926815,0.019500000402331352
sample5_GFP_fused,Extracellular,,0.33980000019073486,0.1745000034570694,0.4869999885559082,0.10540000349283218,0.26989999413490295,0.42410001158714294,0.015200000256299973,0.029100000858306885,0.03819999843835831,0.21570000052452087
sample6_GFP_fused,Mitochondrion,Mitochondrial transit peptide,0.2603999972343445,0.17090000212192535,0.5152999758720398,0.1808999925851822,0.66839998960495,0.029600000008940697,0.053300000727176666,0.21529999375343323,0.13269999623298645,0.2492000013589859
sample7_GFP_fused,Cytoplasm,,0.5702999830245972,0.3628999888896942,0.4733999967575073,0.3528999984264374,0.45890000462532043,0.062199998646974564,0.17970000207424164,0.15379999577999115,0.14409999549388885,0.006300000008195639
sample8_GFP_fused,Extracellular,,0.4339999854564667,0.34049999713897705,0.7742999792098999,0.28139999508857727,0.3790000081062317,0.051899999380111694,0.16220000386238098,0.16699999570846558,0.1665000021457672,0.13850000500679016
sample9_GFP_fused,Extracellular,Signal peptide,0.11219999939203262,0.10490000247955322,0.8953999876976013,0.2134000062942505,0.08879999816417694,0.012900000438094139,0.23549999296665192,0.2630000114440918,0.34630000591278076,0.017400000244379044
sample10_GFP_fused,Mitochondrion,Mitochondrial transit peptide,0.32749998569488525,0.10260000079870224,0.43630000948905945,0.14309999346733093,0.7505000233650208,0.09380000084638596,0.021400000900030136,0.11089999973773956,0.06840000301599503,0.04170000180602074
sample11_GFP_fused,Mitochondrion,Mitochondrial transit peptide,0.3228999972343445,0.164000004529953,0.47530001401901245,0.121799997985363,0.8188999891281128,0.027799999341368675,0.01209999993443489,0.04969999939203262,0.03460000082850456,0.10520000010728836
sample12_GFP_fused,Mitochondrion,Mitochondrial transit peptide,0.33469998836517334,0.14030000567436218,0.5472000241279602,0.1657000035047531,0.7504000067710876,0.06560000032186508,0.022299999371170998,0.11559999734163284,0.08020000159740448,0.13570000231266022
sample13_GFP_fused,Mitochondrion,Mitochondrial transit peptide,0.16830000281333923,0.0908999964594841,0.33480000495910645,0.10700000077486038,0.9003999829292297,0.00419999985024333,0.03229999914765358,0.07989999651908875,0.05270000174641609,0.03700000047683716
sample14_GFP_fused,Extracellular,,0.42419999837875366,0.21610000729560852,0.7301999926567078,0.21209999918937683,0.5892000198364258,0.018300000578165054,0.04410000145435333,0.06549999862909317,0.04690000042319298,0.07900000363588333
sample15_GFP_fused,Mitochondrion,Mitochondrial transit peptide,0.44269999861717224,0.20990000665187836,0.4968000054359436,0.1088000014424324,0.6297000050544739,0.08510000258684158,0.04309999942779541,0.06650000065565109,0.03909999877214432,0.016699999570846558
sample16_GFP_fused,Cytoplasm|Nucleus,Nuclear localization signal,0.6115000247955322,0.5167999863624573,0.43549999594688416,0.22630000114440918,0.5092999935150146,0.05299999937415123,0.07859999686479568,0.09719999879598618,0.07280000299215317,0.02319999970495701
sample17_GFP_fused,Extracellular,Signal peptide,0.32670000195503235,0.15369999408721924,0.6506999731063843,0.1907999962568283,0.5223000049591064,0.031700000166893005,0.11800000071525574,0.10249999910593033,0.12399999797344208,0.06040000170469284
sample18_GFP_fused,Mitochondrion,Mitochondrial transit peptide,0.3366999924182892,0.10670000314712524,0.3278000056743622,0.16110000014305115,0.9068999886512756,0.022199999541044235,0.03959999978542328,0.11150000244379044,0.07940000295639038,0.2547000050544739
sample19_GFP_fused,Cytoplasm|Extracellular,,0.5041999816894531,0.3939000070095062,0.7530999779701233,0.1657000035047531,0.5353000164031982,0.05900000035762787,0.10090000182390213,0.11299999803304672,0.10930000245571136,0.03700000047683716
sample20_GFP_fused,Mitochondrion,Mitochondrial transit peptide,0.31060001254081726,0.18649999797344208,0.35910001397132874,0.21770000457763672,0.848800003528595,0.01889999955892563,0.033900000154972076,0.1145000010728836,0.07530000060796738,0.11490000039339066
sample21_GFP_fused,Cytoplasm,,0.6729999780654907,0.33869999647140503,0.6161999702453613,0.2888000011444092,0.361299991607666,0.1632000058889389,0.12030000239610672,0.08079999685287476,0.09570000320672989,0.00839999970048666
sample22_GFP_fused,Cytoplasm,,0.6474000215530396,0.3571999967098236,0.4690999984741211,0.2768999934196472,0.5698999762535095,0.08470000326633453,0.23479999601840973,0.11569999903440475,0.11309999972581863,0.025800000876188278
sample23_GFP_fused,Cytoplasm,,0.49399998784065247,0.2312999963760376,0.5576000213623047,0.20980000495910645,0.4578999876976013,0.09589999914169312,0.325300008058548,0.08560000360012054,0.12600000202655792,0.025200000032782555
sample24_GFP_fused,Cytoplasm|Mitochondrion,Mitochondrial transit peptide,0.5684999823570251,0.23589999973773956,0.6085000038146973,0.17630000412464142,0.7858999967575073,0.07259999960660934,0.09239999949932098,0.07599999755620956,0.05810000002384186,0.10350000113248825
sample25_GFP_fused,Cytoplasm,,0.6822999715805054,0.3174000084400177,0.6146000027656555,0.2874999940395355,0.2791999876499176,0.04699999839067459,0.09759999811649323,0.1145000010728836,0.14399999380111694,0.005499999970197678
sample26_GFP_fused,Mitochondrion,Mitochondrial transit peptide,0.29829999804496765,0.1777999997138977,0.5285999774932861,0.06949999928474426,0.6704000234603882,0.05609999969601631,0.007499999832361937,0.07479999959468842,0.08399999886751175,0.05040000006556511
sample27_GFP_fused,Extracellular,Signal peptide,0.27129998803138733,0.18129999935626984,0.8255000114440918,0.15860000252723694,0.23420000076293945,0.0210999995470047,0.13819999992847443,0.14630000293254852,0.10499999672174454,0.030500000342726707
sample28_GFP_fused,Mitochondrion,Mitochondrial transit peptide,0.4259999990463257,0.08889999985694885,0.3495999872684479,0.13040000200271606,0.8551999926567078,0.025599999353289604,0.05119999870657921,0.053599998354911804,0.10689999908208847,0.17960000038146973
sample29_GFP_fused,Cytoplasm|Nucleus|Extracellular,Nuclear localization signal,0.642799973487854,0.5196999907493591,0.6370000243186951,0.1421000063419342,0.5206999778747559,0.06880000233650208,0.033900000154972076,0.04149999842047691,0.035100001841783524,0.07970000058412552
sample30_GFP_fused,Extracellular,,0.353300005197525,0.29510000348091125,0.713699996471405,0.09229999780654907,0.6180999875068665,0.05420000106096268,0.02370000071823597,0.04540000110864639,0.04610000178217888,0.058800000697374344
sample31_GFP_fused,Cytoplasm|Extracellular,,0.5929999947547913,0.2484000027179718,0.753600001335144,0.2460000067949295,0.36649999022483826,0.16830000281333923,0.06849999725818634,0.19359999895095825,0.1509000062942505,0.05339999869465828
sample32_GFP_fused,Cytoplasm|Extracellular,,0.5773000121116638,0.3553999960422516,0.635699987411499,0.26919999718666077,0.45489999651908875,0.05209999904036522,0.0843999981880188,0.125900000333786,0.11710000038146973,0.029100000858306885
sample33_GFP_fused,Extracellular|Mitochondrion,,0.3465999960899353,0.3675999939441681,0.6909000277519226,0.27250000834465027,0.8154000043869019,0.04039999842643738,0.05719999969005585,0.11289999634027481,0.07729999721050262,0.24420000612735748
sample34_GFP_fused,Cytoplasm|Mitochondrion,Mitochondrial transit peptide,0.4902999997138977,0.23280000686645508,0.47110000252723694,0.1688999980688095,0.748199999332428,0.05810000002384186,0.06419999897480011,0.07280000299215317,0.07370000332593918,0.10360000282526016
sample35_GFP_fused,Mitochondrion,Mitochondrial transit peptide,0.3411000072956085,0.20499999821186066,0.4659000039100647,0.07039999961853027,0.5285999774932861,0.12870000302791595,0.007799999788403511,0.042899999767541885,0.04129999876022339,0.11720000207424164
sample36_GFP_fused,Cytoplasm|Extracellular,,0.5194000005722046,0.34360000491142273,0.7505999803543091,0.24779999256134033,0.4449999928474426,0.07540000230073929,0.09510000050067902,0.0778999999165535,0.0689999982714653,0.024700000882148743
sample37_GFP_fused,Mitochondrion,,0.3926999866962433,0.21549999713897705,0.5695000290870667,0.08190000057220459,0.6243000030517578,0.04540000110864639,0.007499999832361937,0.08410000056028366,0.04569999873638153,0.18870000541210175
sample38_GFP_fused,Extracellular|Mitochondrion,,0.45260000228881836,0.2736999988555908,0.6324999928474426,0.27129998803138733,0.6477000117301941,0.08009999990463257,0.07720000296831131,0.11959999799728394,0.08739999681711197,0.12950000166893005
sample39_GFP_fused,Mitochondrion,Mitochondrial transit peptide,0.3050999939441681,0.11879999935626984,0.2282000035047531,0.11620000004768372,0.7757999897003174,0.03970000147819519,0.007300000172108412,0.061500001698732376,0.03500000014901161,0.028599999845027924
sample40_GFP_fused,Cytoplasm|Extracellular,,0.6474999785423279,0.41440001130104065,0.7132999897003174,0.2752000093460083,0.5044000148773193,0.07859999686479568,0.16459999978542328,0.08860000222921371,0.12890000641345978,0.022099999710917473
sample41_GFP_fused,Cytoplasm,,0.5842999815940857,0.34549999237060547,0.6144999861717224,0.30239999294281006,0.5547000169754028,0.08820000290870667,0.18070000410079956,0.06480000168085098,0.11190000176429749,0.013799999840557575
sample42_GFP_fused,Cytoplasm|Extracellular,,0.4887000024318695,0.26919999718666077,0.7749000191688538,0.15459999442100525,0.5544999837875366,0.08869999647140503,0.051899999380111694,0.10459999740123749,0.08910000324249268,0.2296999990940094
sample43_GFP_fused,Nucleus|Extracellular,Nuclear localization signal,0.4616999924182892,0.6219000220298767,0.8499000072479248,0.07190000265836716,0.2867000102996826,0.05180000141263008,0.058400001376867294,0.0608999989926815,0.055399999022483826,0.0649000033736229
sample44_GFP_fused,Cytoplasm,,0.6887999773025513,0.4083000123500824,0.3630000054836273,0.27489998936653137,0.4713999927043915,0.06620000302791595,0.3231000006198883,0.13410000503063202,0.22579999268054962,0.026900000870227814
sample45_GFP_fused,Mitochondrion,Mitochondrial transit peptide,0.382099986076355,0.12439999729394913,0.39149999618530273,0.10949999839067459,0.829200029373169,0.02979999966919422,0.021299999207258224,0.06989999860525131,0.0835999995470047,0.14339999854564667
sample46_GFP_fused,Cytoplasm|Extracellular|Mitochondrion,,0.5300999879837036,0.25209999084472656,0.6565999984741211,0.19059999287128448,0.7120000123977661,0.1446000039577484,0.06769999861717224,0.04969999939203262,0.09809999912977219,0.02290000021457672
sample47_GFP_fused,Extracellular|Mitochondrion,,0.2955000102519989,0.1687999963760376,0.7069000005722046,0.19110000133514404,0.641700029373169,0.023900000378489494,0.06430000066757202,0.1266999989748001,0.09769999980926514,0.24369999766349792
sample48_GFP_fused,Mitochondrion,Mitochondrial transit peptide,0.265500009059906,0.10670000314712524,0.25099998712539673,0.07670000195503235,0.9124000072479248,0.012000000104308128,0.01600000075995922,0.06360000371932983,0.043299999088048935,0.010200000368058681
sample49_GFP_fused,Mitochondrion,,0.4560999870300293,0.17339999973773956,0.48159998655319214,0.09130000323057175,0.5095999836921692,0.42660000920295715,0.015200000256299973,0.03959999978542328,0.0820000022649765,0.05299999937415123
sample50_GFP_fused,Mitochondrion,Mitochondrial transit peptide,0.4018000066280365,0.17170000076293945,0.2987000048160553,0.093299999833107,0.8216999769210815,0.015200000256299973,0.010999999940395355,0.03689999878406525,0.04430000111460686,0.12690000236034393
sample51_GFP_fused,Extracellular,Signal peptide,0.28110000491142273,0.186599999666214,0.8736000061035156,0.15929999947547913,0.24220000207424164,0.030899999663233757,0.11010000109672546,0.10199999809265137,0.10740000009536743,0.03660000115633011
sample52_GFP_fused,Plastid,,0.19539999961853027,0.15219999849796295,0.2175000011920929,0.1054999977350235,0.5073999762535095,0.5253999829292297,0.013399999588727951,0.032499998807907104,0.03709999844431877,0.07599999755620956
sample53_GFP_fused,Cytoplasm|Extracellular|Mitochondrion,,0.47929999232292175,0.3411000072956085,0.6241999864578247,0.23579999804496765,0.70169997215271,0.10679999738931656,0.08980000019073486,0.13130000233650208,0.1306000053882599,0.1459999978542328
sample54_GFP_fused,Extracellular,Signal peptide,0.19110000133514404,0.16349999606609344,0.866100013256073,0.12269999831914902,0.14399999380111694,0.04349999874830246,0.20669999718666077,0.11909999698400497,0.10999999940395355,0.00989999994635582
sample55_GFP_fused,Extracellular,,0.4584999978542328,0.3598000109195709,0.7279999852180481,0.21570000052452087,0.5127000212669373,0.0754999965429306,0.18970000743865967,0.1145000010728836,0.1404000073671341,0.03189999982714653
sample56_GFP_fused,Cytoplasm|Mitochondrion,,0.5232999920845032,0.35260000824928284,0.5303000211715698,0.17339999973773956,0.6363000273704529,0.06700000166893005,0.04659999907016754,0.056299999356269836,0.04230000078678131,0.06790000200271606
sample57_GFP_fused,Mitochondrion,Mitochondrial transit peptide,0.32510000467300415,0.08540000021457672,0.2989000082015991,0.10589999705553055,0.7639999985694885,0.04540000110864639,0.018799999728798866,0.04580000042915344,0.0820000022649765,0.04050000011920929
sample58_GFP_fused,Nucleus|Extracellular,Nuclear localization signal,0.4742000102996826,0.6230000257492065,0.7179999947547913,0.06459999829530716,0.163100004196167,0.054499998688697815,0.018699999898672104,0.13670000433921814,0.0820000022649765,0.034299999475479126
sample59_GFP_fused,Cytoplasm,,0.5514000058174133,0.35120001435279846,0.5188999772071838,0.27129998803138733,0.5426999926567078,0.046300001442432404,0.19939999282360077,0.11500000208616257,0.13670000433921814,0.033900000154972076
sample60_GFP_fused,Mitochondrion,Mitochondrial transit peptide,0.25,0.20100000500679016,0.4975999891757965,0.14390000700950623,0.722100019454956,0.03550000116229057,0.02449999935925007,0.08780000358819962,0.09730000048875809,0.15299999713897705
sample61_GFP_fused,Cytoplasm,Nuclear localization signal,0.595300018787384,0.47749999165534973,0.47040000557899475,0.2865999937057495,0.5745999813079834,0.11330000311136246,0.16779999434947968,0.08659999817609787,0.08829999715089798,0.02290000021457672
sample62_GFP_fused,Extracellular,,0.46889999508857727,0.23649999499320984,0.7621999979019165,0.17000000178813934,0.5094000101089478,0.14249999821186066,0.048900000751018524,0.08839999884366989,0.07450000196695328,0.2502000033855438
sample63_GFP_fused,Mitochondrion,Mitochondrial transit peptide,0.3781000077724457,0.25060001015663147,0.583899974822998,0.12950000166893005,0.8241000175476074,0.05009999871253967,0.017000000923871994,0.06780000030994415,0.032999999821186066,0.12189999967813492
sample64_GFP_fused,Plastid,,0.2515000104904175,0.18389999866485596,0.23579999804496765,0.09260000288486481,0.17730000615119934,0.6624000072479248,0.013299999758601189,0.056699998676776886,0.035100001841783524,0.15870000422000885
sample65_GFP_fused,Extracellular,,0.445499986410141,0.37619999051094055,0.867900013923645,0.14720000326633453,0.387800008058548,0.12700000405311584,0.0794999971985817,0.046799998730421066,0.058800000697374344,0.06350000202655792
sample66_GFP_fused,Mitochondrion,Mitochondrial transit peptide,0.24959999322891235,0.12960000336170197,0.3598000109195709,0.125900000333786,0.8615000247955322,0.019899999722838402,0.04340000078082085,0.09749999642372131,0.07689999788999557,0.1379999965429306
sample67_GFP_fused,Mitochondrion,,0.400299996137619,0.2069000005722046,0.35850000381469727,0.07109999656677246,0.6693999767303467,0.15870000422000885,0.014100000262260437,0.045899998396635056,0.05829999968409538,0.09570000320672989
sample68_GFP_fused,Cytoplasm|Extracellular,,0.5357000231742859,0.4205000102519989,0.7451000213623047,0.05339999869465828,0.33629998564720154,0.06369999796152115,0.05400000140070915,0.020600000396370888,0.051899999380111694,0.027899999171495438
sample69_GFP_fused,Mitochondrion,Mitochondrial transit peptide,0.2295999974012375,0.11680000275373459,0.26750001311302185,0.09780000150203705,0.8668000102043152,0.0203000009059906,0.01860000006854534,0.08370000123977661,0.04919999837875366,0.1251000016927719
sample70_GFP_fused,Extracellular,Signal peptide,0.2971000075340271,0.22380000352859497,0.886900007724762,0.1551000028848648,0.23080000281333923,0.16429999470710754,0.10300000011920929,0.0786999985575676,0.13009999692440033,0.032600000500679016
sample71_GFP_fused,Mitochondrion,Mitochondrial transit peptide,0.243599995970726,0.1363999992609024,0.4675999879837036,0.13940000534057617,0.8694999814033508,0.010300000198185444,0.0421999990940094,0.08969999849796295,0.07090000063180923,0.22110000252723694
sample72_GFP_fused,Cytoplasm|Extracellular,,0.49480000138282776,0.40049999952316284,0.7452999949455261,0.1559000015258789,0.37770000100135803,0.09210000187158585,0.055399999022483826,0.07970000058412552,0.06880000233650208,0.014999999664723873
sample73_GFP_fused,Mitochondrion,Mitochondrial transit peptide,0.43939998745918274,0.11309999972581863,0.36320000886917114,0.12919999659061432,0.6435999870300293,0.04089999943971634,0.026900000870227814,0.09059999883174896,0.09529999643564224,0.14190000295639038
sample74_GFP_fused,Extracellular,Signal peptide,0.2847000062465668,0.17430000007152557,0.9039999842643738,0.1850000023841858,0.11940000206232071,0.04179999977350235,0.1623000055551529,0.08789999783039093,0.10670000314712524,0.013899999670684338
sample75_GFP_fused,Extracellular,Signal peptide,0.14990000426769257,0.10130000114440918,0.9524000287055969,0.14830000698566437,0.10419999808073044,0.024900000542402267,0.15960000455379486,0.12160000205039978,0.131400004029274,0.011300000362098217
sample76_GFP_fused,Nucleus|Extracellular,Nuclear localization signal,0.2371000051498413,0.7075999975204468,0.8044999837875366,0.1460999995470047,0.335099995136261,0.01269999984651804,0.2689000070095062,0.18230000138282776,0.16130000352859497,0.05730000138282776
sample77_GFP_fused,Cytoplasm,,0.7103000283241272,0.34470000863075256,0.5552999973297119,0.2515999972820282,0.40049999952316284,0.0812000036239624,0.2045000046491623,0.121799997985363,0.14239999651908875,0.018300000578165054
sample78_GFP_fused,Mitochondrion,Mitochondrial transit peptide,0.42410001158714294,0.18469999730587006,0.45320001244544983,0.15690000355243683,0.6132000088691711,0.08900000154972076,0.012500000186264515,0.04430000111460686,0.046799998730421066,0.0502999983727932
sample79_GFP_fused,Mitochondrion,Mitochondrial transit peptide,0.3666999936103821,0.24660000205039978,0.3422999978065491,0.10849999636411667,0.9013000130653381,0.01510000042617321,0.02500000037252903,0.06239999830722809,0.03099999949336052,0.024800000712275505
sample80_GFP_fused,Mitochondrion,Mitochondrial transit peptide,0.2791999876499176,0.10270000249147415,0.2061000019311905,0.11800000071525574,0.8422999978065491,0.008500000461935997,0.012799999676644802,0.050599999725818634,0.03680000081658363,0.05139999836683273
sample81_GFP_fused,Cytoplasm,,0.6685000061988831,0.3149999976158142,0.4397999942302704,0.25760000944137573,0.59170001745224,0.09790000319480896,0.16979999840259552,0.07599999755620956,0.1256999969482422,0.07010000199079514
sample82_GFP_fused,Cytoplasm|Extracellular,,0.538100004196167,0.30880001187324524,0.7001000046730042,0.28760001063346863,0.4390999972820282,0.10649999976158142,0.1615999937057495,0.12219999730587006,0.17270000278949738,0.010700000450015068
sample83_GFP_fused,Cytoplasm,,0.6406000256538391,0.35420000553131104,0.5799000263214111,0.15770000219345093,0.40540000796318054,0.09070000052452087,0.07050000131130219,0.09709999710321426,0.07569999992847443,0.007199999876320362
sample84_GFP_fused,Mitochondrion,Mitochondrial transit peptide,0.20980000495910645,0.13220000267028809,0.21819999814033508,0.07660000026226044,0.8808000087738037,0.009200000204145908,0.00930000003427267,0.06430000066757202,0.060100000351667404,0.043299999088048935
sample85_GFP_fused,Mitochondrion,Mitochondrial transit peptide,0.44200000166893005,0.28529998660087585,0.5285999774932861,0.22579999268054962,0.8084999918937683,0.06949999928474426,0.08739999681711197,0.06449999660253525,0.04769999906420708,0.15440000593662262
sample86_GFP_fused,Mitochondrion,Mitochondrial transit peptide,0.35370001196861267,0.18199999630451202,0.5174000263214111,0.1363999992609024,0.6678000092506409,0.034699998795986176,0.0568000003695488,0.15970000624656677,0.05939999967813492,0.18459999561309814
sample87_GFP_fused,Nucleus|Extracellular,Nuclear localization signal,0.4731000065803528,0.5846999883651733,0.8246999979019165,0.120899997651577,0.1873999983072281,0.045499999076128006,0.012500000186264515,0.07980000227689743,0.08110000193119049,0.06679999828338623
sample88_GFP_fused,Extracellular,Signal peptide,0.46140000224113464,0.19380000233650208,0.7207000255584717,0.1762000024318695,0.4138000011444092,0.21629999577999115,0.1273999959230423,0.04270000010728836,0.09799999743700027,0.03280000016093254
sample89_GFP_fused,Mitochondrion,Mitochondrial transit peptide,0.20000000298023224,0.09849999845027924,0.32659998536109924,0.11110000312328339,0.6244999766349792,0.1517000049352646,0.0142000000923872,0.10440000146627426,0.11490000039339066,0.021900000050663948
sample90_GFP_fused,Cytoplasm|Extracellular,,0.5960000157356262,0.29249998927116394,0.6274999976158142,0.15880000591278076,0.5471000075340271,0.0649000033736229,0.06859999895095825,0.05490000173449516,0.0502999983727932,0.057100001722574234
sample91_GFP_fused,Cytoplasm,,0.5590000152587891,0.460099995136261,0.5910999774932861,0.06369999796152115,0.47130000591278076,0.11640000343322754,0.01899999938905239,0.09000000357627869,0.08820000290870667,0.12020000070333481
sample92_GFP_fused,Extracellular,Signal peptide,0.3264000117778778,0.398499995470047,0.9287999868392944,0.11680000275373459,0.24809999763965607,0.13650000095367432,0.08179999887943268,0.0471000000834465,0.08749999850988388,0.07720000296831131
sample93_GFP_fused,Mitochondrion,Mitochondrial transit peptide,0.25189998745918274,0.13860000669956207,0.5940999984741211,0.16130000352859497,0.8140000104904175,0.03700000047683716,0.06750000268220901,0.0714000016450882,0.09619999676942825,0.155799999833107
sample94_GFP_fused,Extracellular,Signal peptide,0.3091000020503998,0.2712000012397766,0.7347000241279602,0.2515000104904175,0.22750000655651093,0.02969999983906746,0.10130000114440918,0.08290000259876251,0.11670000106096268,0.03790000081062317
sample95_GFP_fused,Cytoplasm,,0.6822999715805054,0.34769999980926514,0.47690001130104065,0.31139999628067017,0.538100004196167,0.06809999793767929,0.21070000529289246,0.08420000225305557,0.11559999734163284,0.026000000536441803
sample96_GFP_fused,Cytoplasm,,0.5372999906539917,0.35989999771118164,0.5396999716758728,0.15189999341964722,0.5378999710083008,0.0625,0.013100000098347664,0.028200000524520874,0.023099999874830246,0.039500001817941666
sample97_GFP_fused,Mitochondrion,Mitochondrial transit peptide,0.46549999713897705,0.19259999692440033,0.5264000296592712,0.14470000565052032,0.724399983882904,0.05000000074505806,0.06849999725818634,0.04410000145435333,0.06669999659061432,0.18230000138282776
sample98_GFP_fused,Cytoplasm|Extracellular,Nuclear localization signal,0.5842000246047974,0.5005000233650208,0.6523000001907349,0.1354999989271164,0.2596000134944916,0.06279999762773514,0.0272000003606081,0.06870000064373016,0.06350000202655792,0.011699999682605267
sample99_GFP_fused,Cytoplasm|Extracellular,,0.6039999723434448,0.3912000060081482,0.6229000091552734,0.17550000548362732,0.5041999816894531,0.06350000202655792,0.03709999844431877,0.03590000048279762,0.050599999725818634,0.01510000042617321
sample100_GFP_fused,Cytoplasm|Extracellular,,0.6119999885559082,0.3522999882698059,0.7524999976158142,0.2533999979496002,0.46299999952316284,0.13210000097751617,0.05389999970793724,0.08590000122785568,0.05909999832510948,0.050599999725818634
sample101_GFP_fused,Cytoplasm|Extracellular,,0.6383000016212463,0.3294000029563904,0.8489000201225281,0.19619999825954437,0.34119999408721924,0.15129999816417694,0.10620000213384628,0.15770000219345093,0.1647000014781952,0.008299999870359898
sample102_GFP_fused,Extracellular,Signal peptide,0.148499995470047,0.14720000326633453,0.8495000004768372,0.2777000069618225,0.0746999979019165,0.013799999840557575,0.2257000058889389,0.3422999978065491,0.45509999990463257,0.006399999838322401
sample103_GFP_fused,Mitochondrion,Mitochondrial transit peptide,0.2759000062942505,0.12240000069141388,0.38420000672340393,0.1193000003695488,0.8205000162124634,0.03629999980330467,0.008899999782443047,0.12720000743865967,0.07509999722242355,0.0649000033736229
sample104_GFP_fused,Mitochondrion,Mitochondrial transit peptide,0.3230000138282776,0.16599999368190765,0.3531000018119812,0.094200000166893,0.8828999996185303,0.03759999945759773,0.013299999758601189,0.06360000371932983,0.05339999869465828,0.06360000371932983
sample105_GFP_fused,Extracellular|Mitochondrion,Mitochondrial transit peptide,0.41769999265670776,0.26750001311302185,0.7671999931335449,0.1647000014781952,0.8044000267982483,0.038100000470876694,0.15950000286102295,0.14399999380111694,0.15940000116825104,0.4120999872684479
sample106_GFP_fused,Extracellular,,0.43299999833106995,0.3788999915122986,0.9404000043869019,0.20730000734329224,0.3856000006198883,0.09830000251531601,0.06880000233650208,0.14149999618530273,0.15839999914169312,0.10719999670982361
sample107_GFP_fused,Cytoplasm|Mitochondrion,,0.6304000020027161,0.4352000057697296,0.5041000247001648,0.09000000357627869,0.7626000046730042,0.059700001031160355,0.03779999911785126,0.038600001484155655,0.02370000071823597,0.09549999982118607
sample108_GFP_fused,Mitochondrion,Mitochondrial transit peptide,0.34769999980926514,0.23430000245571136,0.5476999878883362,0.25440001487731934,0.7315999865531921,0.045099999755620956,0.046799998730421066,0.14959999918937683,0.11779999732971191,0.11400000005960464
sample109_GFP_fused,Extracellular,,0.3492000102996826,0.1777999997138977,0.7056999802589417,0.22630000114440918,0.45989999175071716,0.10409999638795853,0.13989999890327454,0.06419999897480011,0.10520000010728836,0.010900000110268593
sample110_GFP_fused,Cytoplasm,,0.6520000100135803,0.36309999227523804,0.5533999800682068,0.3248000144958496,0.5455999970436096,0.05559999868273735,0.1339000016450882,0.0851999968290329,0.09000000357627869,0.013799999840557575
sample111_GFP_fused,Mitochondrion,Mitochondrial transit peptide,0.2849999964237213,0.09589999914169312,0.24310000240802765,0.11309999972581863,0.8203999996185303,0.012600000016391277,0.015599999576807022,0.06319999694824219,0.08370000123977661,0.01889999955892563
sample112_GFP_fused,Extracellular,Signal peptide,0.24500000476837158,0.27219998836517334,0.8460000157356262,0.17440000176429749,0.20180000364780426,0.05350000038743019,0.14839999377727509,0.13510000705718994,0.12960000336170197,0.022700000554323196
sample113_GFP_fused,Mitochondrion,Mitochondrial transit peptide,0.19660000503063202,0.06830000132322311,0.260699987411499,0.09600000083446503,0.8202999830245972,0.01860000006854534,0.009399999864399433,0.11140000075101852,0.1062999963760376,0.021299999207258224
sample114_GFP_fused,Mitochondrion,,0.4325000047683716,0.2328999936580658,0.603600025177002,0.1573999971151352,0.6692000031471252,0.05460000038146973,0.12110000103712082,0.04540000110864639,0.09619999676942825,0.0835999995470047
sample115_GFP_fused,Mitochondrion,,0.27709999680519104,0.1680999994277954,0.5224999785423279,0.1395999938249588,0.6611999869346619,0.07000000029802322,0.014000000432133675,0.060600001364946365,0.06970000267028809,0.10899999737739563
sample116_GFP_fused,Cytoplasm,,0.5763000249862671,0.24719999730587006,0.5848000049591064,0.1657000035047531,0.6003000140190125,0.06030000001192093,0.05490000173449516,0.05429999902844429,0.051100000739097595,0.025800000876188278
sample117_GFP_fused,Cytoplasm|Extracellular,,0.510200023651123,0.23360000550746918,0.7688999772071838,0.1453000009059906,0.398499995470047,0.13199999928474426,0.0722000002861023,0.06120000034570694,0.11140000075101852,0.13840000331401825
sample118_GFP_fused,Mitochondrion,Mitochondrial transit peptide,0.16410000622272491,0.11999999731779099,0.23270000517368317,0.1282999962568283,0.8245999813079834,0.02800000086426735,0.013199999928474426,0.11720000207424164,0.06239999830722809,0.06030000001192093
sample119_GFP_fused,Cytoplasm,Nuclear localization signal,0.6092000007629395,0.4553000032901764,0.5541999936103821,0.2529999911785126,0.6161999702453613,0.08060000091791153,0.10029999911785126,0.08879999816417694,0.059700001031160355,0.023499999195337296
sample120_GFP_fused,Cytoplasm|Nucleus|Extracellular,Nuclear localization signal,0.5831999778747559,0.5239999890327454,0.847599983215332,0.2029999941587448,0.41190001368522644,0.10140000283718109,0.10419999808073044,0.10379999876022339,0.12290000170469284,0.018799999728798866
sample121_GFP_fused,Mitochondrion,Mitochondrial transit peptide,0.3312000036239624,0.26089999079704285,0.608299970626831,0.15119999647140503,0.8070999979972839,0.00930000003427267,0.08160000294446945,0.06780000030994415,0.0608999989926815,0.1088000014424324
sample122_GFP_fused,Cytoplasm,,0.6942999958992004,0.36550000309944153,0.38449999690055847,0.3043000102043152,0.4659999907016754,0.06019999831914902,0.219200000166893,0.1103999987244606,0.13770000636577606,0.007799999788403511
sample123_GFP_fused,Mitochondrion,,0.28200000524520874,0.09459999948740005,0.5264999866485596,0.21060000360012054,0.7057999968528748,0.07500000298023224,0.07090000063180923,0.16290000081062317,0.09080000221729279,0.09560000151395798
sample124_GFP_fused,Extracellular,Signal peptide,0.24320000410079956,0.09730000048875809,0.5641000270843506,0.15389999747276306,0.5216000080108643,0.0851999968290329,0.07429999858140945,0.22020000219345093,0.13189999759197235,0.46070000529289246
sample125_GFP_fused,Cytoplasm|Extracellular,,0.4763999879360199,0.4366999864578247,0.8826000094413757,0.28029999136924744,0.4465999901294708,0.05339999869465828,0.15760000050067902,0.19539999961853027,0.13449999690055847,0.02800000086426735
sample126_GFP_fused,Mitochondrion,Mitochondrial transit peptide,0.2689000070095062,0.09969999641180038,0.4205000102519989,0.14720000326633453,0.7360000014305115,0.011099999770522118,0.021800000220537186,0.11739999800920486,0.08110000193119049,0.05139999836683273
sample127_GFP_fused,Extracellular,,0.42170000076293945,0.2702000141143799,0.6758000254631042,0.17489999532699585,0.3610999882221222,0.05270000174641609,0.18709999322891235,0.08470000326633453,0.0934000015258789,0.019099999219179153
sample128_GFP_fused,Mitochondrion,Mitochondrial transit peptide,0.41200000047683716,0.16449999809265137,0.47519999742507935,0.17419999837875366,0.9089999794960022,0.047600001096725464,0.08110000193119049,0.10249999910593033,0.07240000367164612,0.0892999991774559
sample129_GFP_fused,Mitochondrion,Mitochondrial transit peptide,0.26339998841285706,0.1679999977350235,0.42340001463890076,0.14010000228881836,0.8828999996185303,0.014499999582767487,0.035599999129772186,0.06270000338554382,0.04569999873638153,0.05290000140666962
sample130_GFP_fused,Cytoplasm|Extracellular,,0.6353999972343445,0.3840999901294708,0.7767999768257141,0.30630001425743103,0.5152999758720398,0.06800000369548798,0.1559000015258789,0.10170000046491623,0.179299995303154,0.02199999988079071
sample131_GFP_fused,Extracellular,Signal peptide,0.322299987077713,0.17659999430179596,0.7660999894142151,0.09019999951124191,0.32589998841285706,0.024900000542402267,0.21870000660419464,0.20340000092983246,0.11710000038146973,0.005100000184029341
sample132_GFP_fused,Mitochondrion,Mitochondrial transit peptide,0.41749998927116394,0.34139999747276306,0.35760000348091125,0.05350000038743019,0.7365000247955322,0.11840000003576279,0.01360000018030405,0.04610000178217888,0.04919999837875366,0.31470000743865967
sample133_GFP_fused,Cytoplasm,,0.630299985408783,0.3522000014781952,0.5885000228881836,0.28119999170303345,0.43290001153945923,0.2134999930858612,0.06719999760389328,0.07169999927282333,0.03849999979138374,0.022099999710917473
sample134_GFP_fused,Mitochondrion,Mitochondrial transit peptide,0.2223999947309494,0.09870000183582306,0.3619999885559082,0.08389999717473984,0.8795999884605408,0.007899999618530273,0.008700000122189522,0.12770000100135803,0.0608999989926815,0.016699999570846558
sample135_GFP_fused,Mitochondrion,Mitochondrial transit peptide,0.352400004863739,0.20999999344348907,0.35989999771118164,0.21389999985694885,0.8833000063896179,0.004900000058114529,0.04560000076889992,0.10999999940395355,0.08229999989271164,0.16269999742507935
sample136_GFP_fused,Nucleus|Extracellular,,0.41819998621940613,0.5358999967575073,0.927299976348877,0.15209999680519104,0.22699999809265137,0.09300000220537186,0.04010000079870224,0.05700000002980232,0.054099999368190765,0.05299999937415123
sample137_GFP_fused,Mitochondrion,Mitochondrial transit peptide,0.27149999141693115,0.1444000005722046,0.4837000072002411,0.12110000103712082,0.7720999717712402,0.03970000147819519,0.010200000368058681,0.11800000071525574,0.11819999665021896,0.07850000262260437
sample138_GFP_fused,Golgi apparatus,Signal peptide,0.2296999990940094,0.07909999787807465,0.5716000199317932,0.33309999108314514,0.17239999771118164,0.052799999713897705,0.2207999974489212,0.349700003862381,0.5764999985694885,0.10239999741315842
sample139_GFP_fused,Cytoplasm|Extracellular,,0.49410000443458557,0.4528999924659729,0.9265000224113464,0.22419999539852142,0.43230000138282776,0.1404999941587448,0.07880000025033951,0.07620000094175339,0.10700000077486038,0.027499999850988388
sample140_GFP_fused,Extracellular,,0.43689998984336853,0.44290000200271606,0.8562999963760376,0.10639999806880951,0.3815000057220459,0.043299999088048935,0.04500000178813934,0.09740000218153,0.11129999905824661,0.17739999294281006
sample141_GFP_fused,Cytoplasm|Extracellular,,0.5537999868392944,0.4262999892234802,0.6794000267982483,0.12630000710487366,0.4296000003814697,0.08330000191926956,0.04540000110864639,0.10949999839067459,0.11219999939203262,0.028599999845027924
sample142_GFP_fused,Mitochondrion,Mitochondrial transit peptide,0.35690000653266907,0.17440000176429749,0.4812999963760376,0.23190000653266907,0.7989000082015991,0.05260000005364418,0.04430000111460686,0.07289999723434448,0.054099999368190765,0.11789999902248383
sample143_GFP_fused,Extracellular,,0.23739999532699585,0.12600000202655792,0.4968999922275543,0.14090000092983246,0.3752000033855438,0.3765000104904175,0.04129999876022339,0.06920000165700912,0.11029999703168869,0.14190000295639038
sample144_GFP_fused,Mitochondrion,Mitochondrial transit peptide,0.1776999980211258,0.12099999934434891,0.4975999891757965,0.11089999973773956,0.8960999846458435,0.012500000186264515,0.013899999670684338,0.10260000079870224,0.10589999705553055,0.09510000050067902
sample145_GFP_fused,Cytoplasm|Extracellular,,0.6363000273704529,0.24300000071525574,0.7627999782562256,0.19840000569820404,0.6018999814987183,0.09799999743700027,0.1289999932050705,0.07840000092983246,0.10400000214576721,0.02539999969303608
sample146_GFP_fused,Mitochondrion,,0.4496000111103058,0.1340000033378601,0.37929999828338623,0.08250000327825546,0.5698000192642212,0.1565999984741211,0.016100000590085983,0.04569999873638153,0.09989999979734421,0.13570000231266022
sample147_GFP_fused,Cytoplasm|Extracellular,,0.6026999950408936,0.448199987411499,0.6646999716758728,0.19750000536441803,0.4401000142097473,0.0575999990105629,0.03920000046491623,0.07479999959468842,0.07280000299215317,0.04540000110864639
sample148_GFP_fused,Cytoplasm|Mitochondrion,,0.5738000273704529,0.3156000077724457,0.5067999958992004,0.13979999721050262,0.6459000110626221,0.09700000286102295,0.10090000182390213,0.03999999910593033,0.07349999994039536,0.030400000512599945
sample149_GFP_fused,Cytoplasm,,0.5720999836921692,0.34860000014305115,0.593500018119812,0.27309998869895935,0.427700012922287,0.09719999879598618,0.25279998779296875,0.08389999717473984,0.1370999962091446,0.014399999752640724
sample150_GFP_fused,Cytoplasm|Extracellular,,0.5110999941825867,0.2498999983072281,0.7324000000953674,0.3043000102043152,0.5874000191688538,0.06390000134706497,0.0940999984741211,0.12139999866485596,0.08760000020265579,0.04190000146627426
sample151_GFP_fused,Cytoplasm|Extracellular,,0.5288000106811523,0.3375000059604645,0.6751000285148621,0.15559999644756317,0.48910000920295715,0.11490000039339066,0.03959999978542328,0.05090000107884407,0.07639999687671661,0.040800001472234726
sample152_GFP_fused,Cytoplasm,,0.6219000220298767,0.328900009393692,0.48890000581741333,0.10779999941587448,0.5745999813079834,0.16429999470710754,0.03799999877810478,0.027699999511241913,0.03929999843239784,0.10570000112056732
sample153_GFP_fused,Cytoplasm,Nuclear localization signal,0.6610000133514404,0.35989999771118164,0.5357999801635742,0.25699999928474426,0.43470001220703125,0.040800001472234726,0.1177000030875206,0.057999998331069946,0.08760000020265579,0.007000000216066837
sample154_GFP_fused,Extracellular,,0.3955000042915344,0.415800005197525,0.6848000288009644,0.17270000278949738,0.4618000090122223,0.18279999494552612,0.11469999700784683,0.06790000200271606,0.0478999987244606,0.026100000366568565
sample155_GFP_fused,Cytoplasm|Extracellular,,0.5206999778747559,0.4187000095844269,0.7876999974250793,0.10109999775886536,0.41019999980926514,0.051600001752376556,0.03920000046491623,0.05299999937415123,0.054499998688697815,0.14890000224113464
sample156_GFP_fused,Mitochondrion,Mitochondrial transit peptide,0.31290000677108765,0.1573999971151352,0.3801000118255615,0.07940000295639038,0.8759999871253967,0.02199999988079071,0.008799999952316284,0.10260000079870224,0.0430000014603138,0.06350000202655792
sample157_GFP_fused,Mitochondrion,Mitochondrial transit peptide,0.21320000290870667,0.14020000398159027,0.3052000105381012,0.10809999704360962,0.8730000257492065,0.010400000028312206,0.009700000286102295,0.1137000024318695,0.04989999905228615,0.06719999760389328
sample158_GFP_fused,Extracellular,Signal peptide,0.30809998512268066,0.21240000426769257,0.7171000242233276,0.121799997985363,0.2540999948978424,0.11969999969005585,0.19040000438690186,0.08030000329017639,0.08399999886751175,0.019200000911951065
sample159_GFP_fused,Cytoplasm,,0.5774999856948853,0.28110000491142273,0.5898000001907349,0.2485000044107437,0.45320001244544983,0.0908999964594841,0.1834000051021576,0.09309999644756317,0.10890000313520432,0.012299999594688416
sample160_GFP_fused,Mitochondrion,Mitochondrial transit peptide,0.45829999446868896,0.3066999912261963,0.46779999136924744,0.11249999701976776,0.608299970626831,0.04899999871850014,0.019999999552965164,0.019500000402331352,0.0421999990940094,0.021700000390410423
sample161_GFP_fused,Mitochondrion,,0.36899998784065247,0.12030000239610672,0.3885999917984009,0.15929999947547913,0.6187999844551086,0.14419999718666077,0.05429999902844429,0.1281999945640564,0.10840000212192535,0.21080000698566437
sample162_GFP_fused,Cytoplasm,,0.673799991607666,0.37619999051094055,0.3449999988079071,0.3255000114440918,0.4878999888896942,0.055399999022483826,0.29260000586509705,0.1324000060558319,0.1565999984741211,0.029899999499320984
sample163_GFP_fused,Extracellular,,0.47290000319480896,0.30399999022483826,0.8137999773025513,0.2874999940395355,0.5185999870300293,0.051100000739097595,0.147599995136261,0.10409999638795853,0.12080000340938568,0.08449999988079071
sample164_GFP_fused,Mitochondrion,Mitochondrial transit peptide,0.3747999966144562,0.19359999895095825,0.29750001430511475,0.11490000039339066,0.9139000177383423,0.009499999694526196,0.018200000748038292,0.07649999856948853,0.030300000682473183,0.10840000212192535
sample165_GFP_fused,Cytoplasm|Extracellular,,0.5033000111579895,0.366100013256073,0.9103000164031982,0.1542000025510788,0.41429999470710754,0.10499999672174454,0.07519999891519547,0.08209999650716782,0.10949999839067459,0.04410000145435333
sample166_GFP_fused,Cytoplasm,,0.6032000184059143,0.2563000023365021,0.6087999939918518,0.13189999759197235,0.5920000076293945,0.033799998462200165,0.04179999977350235,0.07649999856948853,0.09910000115633011,0.06729999929666519
sample167_GFP_fused,Mitochondrion,Mitochondrial transit peptide,0.3824999928474426,0.13850000500679016,0.37880000472068787,0.13099999725818634,0.8395000100135803,0.01489999983459711,0.027799999341368675,0.08900000154972076,0.06289999932050705,0.08669999986886978
sample168_GFP_fused,Cytoplasm,,0.5339999794960022,0.19629999995231628,0.5241000056266785,0.17239999771118164,0.4016999900341034,0.34779998660087585,0.03720000013709068,0.051500000059604645,0.06120000034570694,0.032099999487400055
sample169_GFP_fused,Cytoplasm|Extracellular,,0.6295999884605408,0.3109999895095825,0.6929000020027161,0.19359999895095825,0.3698999881744385,0.029200000688433647,0.05770000070333481,0.06909999996423721,0.05999999865889549,0.04439999908208847
sample170_GFP_fused,Nucleus|Extracellular,,0.37940001487731934,0.569599986076355,0.824400007724762,0.19670000672340393,0.42730000615119934,0.09070000052452087,0.0949999988079071,0.18850000202655792,0.14910000562667847,0.22089999914169312
sample171_GFP_fused,Mitochondrion,Mitochondrial transit peptide,0.15459999442100525,0.17069999873638153,0.14959999918937683,0.09059999883174896,0.6852999925613403,0.4108999967575073,0.019899999722838402,0.045099999755620956,0.0272000003606081,0.16750000417232513
sample172_GFP_fused,Cytoplasm,,0.6320000290870667,0.195700004696846,0.5157999992370605,0.1590999960899353,0.6137999892234802,0.060100000351667404,0.07360000163316727,0.10620000213384628,0.07970000058412552,0.07320000231266022
sample173_GFP_fused,Cytoplasm|Mitochondrion,,0.5752000212669373,0.19329999387264252,0.45559999346733093,0.23260000348091125,0.7429999709129333,0.07609999924898148,0.1071000024676323,0.08479999750852585,0.05790000036358833,0.052299998700618744
sample174_GFP_fused,Mitochondrion,Mitochondrial transit peptide,0.42250001430511475,0.2295999974012375,0.41429999470710754,0.12309999763965607,0.8120999932289124,0.056699998676776886,0.01860000006854534,0.028300000354647636,0.04280000180006027,0.05810000002384186
sample175_GFP_fused,Extracellular,Signal peptide,0.2581000030040741,0.18569999933242798,0.7871000170707703,0.18060000240802765,0.1842000037431717,0.014800000004470348,0.20900000631809235,0.17339999973773956,0.19249999523162842,0.0035000001080334187
sample176_GFP_fused,Cytoplasm,Nuclear localization signal,0.7089999914169312,0.3700000047683716,0.46299999952316284,0.2881999909877777,0.44209998846054077,0.07519999891519547,0.14640000462532043,0.1234000027179718,0.12839999794960022,0.006099999882280827
sample177_GFP_fused,Mitochondrion,Mitochondrial transit peptide,0.40299999713897705,0.18279999494552612,0.3675999939441681,0.1103999987244606,0.9265999794006348,0.01769999973475933,0.051500000059604645,0.04569999873638153,0.0478999987244606,0.0869000032544136
sample178_GFP_fused,Mitochondrion,Mitochondrial transit peptide,0.3328999876976013,0.21410000324249268,0.36309999227523804,0.1200999990105629,0.8633000254631042,0.02630000002682209,0.013700000010430813,0.08129999786615372,0.030500000342726707,0.17339999973773956
sample179_GFP_fused,Mitochondrion,Mitochondrial transit peptide,0.32679998874664307,0.1462000012397766,0.4221999943256378,0.1168999969959259,0.8460000157356262,0.024800000712275505,0.08160000294446945,0.19499999284744263,0.13330000638961792,0.21850000321865082
sample180_GFP_fused,Cytoplasm|Extracellular,,0.5992000102996826,0.2903999984264374,0.629800021648407,0.2190999984741211,0.4147999882698059,0.12470000237226486,0.11079999804496765,0.13199999928474426,0.11309999972581863,0.012900000438094139
sample181_GFP_fused,Extracellular,Signal peptide,0.10729999840259552,0.06780000030994415,0.9225999712944031,0.1981000006198883,0.08460000157356262,0.004399999976158142,0.16110000014305115,0.35580000281333923,0.32019999623298645,0.0052999998442828655
sample182_GFP_fused,Cytoplasm|Nucleus,Nuclear localization signal,0.5220999717712402,0.5388000011444092,0.30730000138282776,0.21690000593662262,0.5306000113487244,0.10719999670982361,0.2029000073671341,0.048500001430511475,0.08079999685287476,0.040699999779462814
sample183_GFP_fused,Extracellular,Mitochondrial transit peptide,0.42820000648498535,0.22849999368190765,0.6251000165939331,0.09030000120401382,0.5899999737739563,0.03550000116229057,0.00839999970048666,0.0608999989926815,0.0478999987244606,0.12559999525547028
sample184_GFP_fused,Cytoplasm|Extracellular,,0.595300018787384,0.36329999566078186,0.7434999942779541,0.19009999930858612,0.34700000286102295,0.020500000566244125,0.041099999099969864,0.10779999941587448,0.09679999947547913,0.12110000103712082
sample185_GFP_fused,Extracellular,Signal peptide,0.31060001254081726,0.21789999306201935,0.7556999921798706,0.2045000046491623,0.3569999933242798,0.060499999672174454,0.14229999482631683,0.12250000238418579,0.11460000276565552,0.0272000003606081
sample186_GFP_fused,Extracellular|Mitochondrion,,0.4083999991416931,0.37229999899864197,0.7373999953269958,0.20440000295639038,0.7389000058174133,0.08259999752044678,0.07890000194311142,0.08799999952316284,0.1046999990940094,0.2628999948501587
sample187_GFP_fused,Cytoplasm|Mitochondrion,Mitochondrial transit peptide,0.5694000124931335,0.2745000123977661,0.5720999836921692,0.12240000069141388,0.733299970626831,0.1462000012397766,0.06300000101327896,0.028999999165534973,0.05860000103712082,0.06120000034570694
sample188_GFP_fused,Extracellular,Signal peptide,0.32919999957084656,0.20090000331401825,0.7185999751091003,0.15860000252723694,0.46239998936653137,0.04360000044107437,0.19709999859333038,0.1281999945640564,0.12099999934434891,0.07479999959468842
sample189_GFP_fused,Extracellular,Signal peptide,0.2888000011444092,0.1331000030040741,0.8952000141143799,0.1624000072479248,0.17599999904632568,0.017100000753998756,0.15039999783039093,0.15209999680519104,0.2879999876022339,0.02239999920129776
sample190_GFP_fused,Mitochondrion,Mitochondrial transit peptide,0.28450000286102295,0.1242000013589859,0.39890000224113464,0.11389999836683273,0.9041000008583069,0.01679999940097332,0.03519999980926514,0.0754999965429306,0.04859999939799309,0.02889999933540821
sample191_GFP_fused,Mitochondrion,Mitochondrial transit peptide,0.414000004529953,0.28999999165534973,0.28630000352859497,0.09960000216960907,0.8740000128746033,0.014299999922513962,0.016899999231100082,0.04780000075697899,0.022099999710917473,0.061500001698732376
sample192_GFP_fused,Extracellular,Signal peptide,0.17679999768733978,0.10289999842643738,0.8521999716758728,0.28189998865127563,0.07590000331401825,0.007699999958276749,0.13519999384880066,0.2678999900817871,0.48820000886917114,0.019200000911951065
sample193_GFP_fused,Nucleus|Extracellular,Nuclear localization signal,0.4733999967575073,0.6107000112533569,0.7950000166893005,0.09019999951124191,0.26499998569488525,0.019600000232458115,0.030700000002980232,0.06419999897480011,0.05620000138878822,0.03999999910593033
sample194_GFP_fused,Mitochondrion,Mitochondrial transit peptide,0.24660000205039978,0.11559999734163284,0.26759999990463257,0.08869999647140503,0.8601999878883362,0.021299999207258224,0.010400000028312206,0.10000000149011612,0.07970000058412552,0.0414000004529953
sample195_GFP_fused,Cytoplasm|Extracellular,,0.5995000004768372,0.41839998960494995,0.8691999912261963,0.27469998598098755,0.46399998664855957,0.12380000203847885,0.1151999980211258,0.11919999867677689,0.18790000677108765,0.04650000110268593
sample196_GFP_fused,Extracellular,,0.4607999920845032,0.26840001344680786,0.7476999759674072,0.24050000309944153,0.5848000049591064,0.07720000296831131,0.1200999990105629,0.10029999911785126,0.08839999884366989,0.024299999698996544
sample197_GFP_fused,Extracellular,Signal peptide,0.13899999856948853,0.07500000298023224,0.932699978351593,0.1315000057220459,0.10949999839067459,0.004000000189989805,0.25920000672340393,0.23260000348091125,0.1695999950170517,0.0032999999821186066
sample198_GFP_fused,Extracellular,Signal peptide,0.3619000017642975,0.20340000092983246,0.6611999869346619,0.13570000231266022,0.41019999980926514,0.020099999383091927,0.1168999969959259,0.1738000065088272,0.1527000069618225,0.303600013256073
sample199_GFP_fused,Cytoplasm|Mitochondrion,Mitochondrial transit peptide,0.49950000643730164,0.17239999771118164,0.4715000092983246,0.20839999616146088,0.7965999841690063,0.07349999994039536,0.056699998676776886,0.05920000001788139,0.03889999911189079,0.04270000010728836
sample200_GFP_fused,Nucleus|Extracellular,Nuclear localization signal,0.3628000020980835,0.6916999816894531,0.7922999858856201,0.13920000195503235,0.13289999961853027,0.03400000184774399,0.040699999779462814,0.09740000218153,0.04740000143647194,0.011699999682605267
sample201_GFP_fused,Cytoplasm|Extracellular,,0.5608999729156494,0.3334999978542328,0.6348000168800354,0.13910000026226044,0.48069998621940613,0.06030000001192093,0.14020000398159027,0.054499998688697815,0.0997999981045723,0.012500000186264515
sample202_GFP_fused,Mitochondrion,Mitochondrial transit peptide,0.4172999858856201,0.13580000400543213,0.49950000643730164,0.17389999330043793,0.7077999711036682,0.11389999836683273,0.03700000047683716,0.0803999975323677,0.1257999986410141,0.23839999735355377
sample203_GFP_fused,Cytoplasm|Extracellular|Mitochondrion,,0.5412999987602234,0.24799999594688416,0.6798999905586243,0.13359999656677246,0.6988999843597412,0.1266999989748001,0.04149999842047691,0.1023000031709671,0.0722000002861023,0.12200000137090683
sample204_GFP_fused,Cytoplasm|Extracellular,,0.7024000287055969,0.23510000109672546,0.707099974155426,0.1688999980688095,0.46650001406669617,0.03750000149011612,0.04899999871850014,0.16369999945163727,0.14409999549388885,0.012299999594688416
sample205_GFP_fused,Mitochondrion,Mitochondrial transit peptide,0.3483999967575073,0.15889999270439148,0.4147000014781952,0.09459999948740005,0.7750999927520752,0.013000000268220901,0.013000000268220901,0.17149999737739563,0.06379999965429306,0.13570000231266022
sample206_GFP_fused,Mitochondrion,Mitochondrial transit peptide,0.3328999876976013,0.18809999525547028,0.1657000035047531,0.08009999990463257,0.9459999799728394,0.03869999945163727,0.020899999886751175,0.039799999445676804,0.024900000542402267,0.04919999837875366
sample207_GFP_fused,Extracellular,,0.454800009727478,0.32280001044273376,0.6491000056266785,0.22390000522136688,0.4510999917984009,0.029600000008940697,0.29429998993873596,0.14730000495910645,0.18880000710487366,0.06239999830722809
sample208_GFP_fused,Cytoplasm|Extracellular,,0.5378999710083008,0.28790000081062317,0.7397000193595886,0.1477999985218048,0.24480000138282776,0.15469999611377716,0.021400000900030136,0.08940000087022781,0.06520000100135803,0.1242000013589859
sample209_GFP_fused,Plastid,,0.44830000400543213,0.15970000624656677,0.18639999628067017,0.11379999667406082,0.2401999980211258,0.7332000136375427,0.023900000378489494,0.042100001126527786,0.0860000029206276,0.026499999687075615
sample210_GFP_fused,Cytoplasm|Nucleus,Nuclear localization signal,0.5655999779701233,0.6847000122070312,0.6137999892234802,0.06040000170469284,0.2989000082015991,0.0031999999191612005,0.0681999996304512,0.10159999877214432,0.06909999996423721,0.004699999932199717
sample211_GFP_fused,Cytoplasm,Nuclear localization signal,0.5831999778747559,0.42250001430511475,0.5559999942779541,0.31700000166893005,0.4226999878883362,0.08209999650716782,0.0957999974489212,0.0917000025510788,0.08229999989271164,0.00570000009611249
sample212_GFP_fused,Extracellular,,0.39750000834465027,0.2125999927520752,0.6312999725341797,0.14810000360012054,0.6197999715805054,0.1574999988079071,0.012799999676644802,0.054099999368190765,0.07259999960660934,0.16940000653266907
sample213_GFP_fused,Extracellular,,0.46160000562667847,0.30169999599456787,0.645799994468689,0.1517000049352646,0.3675999939441681,0.11729999631643295,0.0843999981880188,0.08810000121593475,0.08950000256299973,0.009200000204145908
sample214_GFP_fused,Extracellular,Signal peptide,0.24709999561309814,0.10490000247955322,0.8628000020980835,0.15080000460147858,0.23229999840259552,0.014700000174343586,0.21480000019073486,0.15690000355243683,0.14890000224113464,0.02160000056028366
sample215_GFP_fused,Extracellular,,0.44029998779296875,0.39640000462532043,0.8234999775886536,0.19859999418258667,0.388700008392334,0.0406000018119812,0.2069000005722046,0.0828000009059906,0.08760000020265579,0.05939999967813492
sample216_GFP_fused,Nucleus|Extracellular,Nuclear localization signal,0.218299999833107,0.7476999759674072,0.72079998254776,0.14319999516010284,0.35589998960494995,0.007499999832361937,0.14399999380111694,0.19979999959468842,0.1850000023841858,0.03180000185966492
sample217_GFP_fused,Mitochondrion,Mitochondrial transit peptide,0.23350000381469727,0.09120000153779984,0.290800005197525,0.07370000332593918,0.5536999702453613,0.1136000007390976,0.009399999864399433,0.03920000046491623,0.04749999940395355,0.020400000736117363
sample218_GFP_fused,Cytoplasm|Extracellular,,0.4805999994277954,0.3368000090122223,0.7608000040054321,0.2939000129699707,0.4471000134944916,0.02500000037252903,0.1096000000834465,0.1467999964952469,0.18389999866485596,0.044199999421834946
sample219_GFP_fused,Mitochondrion,Mitochondrial transit peptide,0.21400000154972076,0.09889999777078629,0.4797999858856201,0.1316000074148178,0.7901999950408936,0.016699999570846558,0.02019999921321869,0.06650000065565109,0.08869999647140503,0.07699999958276749
sample220_GFP_fused,Mitochondrion,Mitochondrial transit peptide,0.23669999837875366,0.09679999947547913,0.3009999990463257,0.08640000224113464,0.9024999737739563,0.011900000274181366,0.02759999968111515,0.07010000199079514,0.04769999906420708,0.020400000736117363
sample221_GFP_fused,Cytoplasm,,0.6033999919891357,0.3993000090122223,0.5760999917984009,0.24390000104904175,0.46230000257492065,0.06629999727010727,0.16410000622272491,0.10080000013113022,0.1054999977350235,0.019200000911951065
sample222_GFP_fused,Extracellular,,0.4341000020503998,0.3939000070095062,0.8102999925613403,0.18850000202655792,0.35010001063346863,0.09189999848604202,0.05959999933838844,0.17149999737739563,0.10450000315904617,0.08309999853372574
sample223_GFP_fused,Cytoplasm,,0.6431000232696533,0.38089999556541443,0.6107000112533569,0.30169999599456787,0.4771000146865845,0.06679999828338623,0.14740000665187836,0.11779999732971191,0.2378000020980835,0.01720000058412552
sample224_GFP_fused,Cytoplasm,,0.652400016784668,0.35749998688697815,0.582099974155426,0.24719999730587006,0.5654000043869019,0.10949999839067459,0.1526000052690506,0.08810000121593475,0.10530000180006027,0.05090000107884407
sample225_GFP_fused,Extracellular,,0.4546000063419342,0.47999998927116394,0.9258999824523926,0.15680000185966492,0.32089999318122864,0.06800000369548798,0.05400000140070915,0.043800000101327896,0.05719999969005585,0.017899999395012856
sample226_GFP_fused,Mitochondrion,Mitochondrial transit peptide,0.2483000010251999,0.09730000048875809,0.22020000219345093,0.0803999975323677,0.9178000092506409,0.00839999970048666,0.017799999564886093,0.10849999636411667,0.06390000134706497,0.05860000103712082
sample227_GFP_fused,Cytoplasm,,0.5867999792098999,0.35109999775886536,0.5839999914169312,0.25619998574256897,0.4959000051021576,0.10890000313520432,0.1776999980211258,0.08150000125169754,0.09359999746084213,0.021800000220537186
sample228_GFP_fused,Cytoplasm,,0.6672000288963318,0.352400004863739,0.5989000201225281,0.30320000648498535,0.42419999837875366,0.07519999891519547,0.1688999980688095,0.1462000012397766,0.15440000593662262,0.010200000368058681
sample229_GFP_fused,Cytoplasm|Extracellular|Mitochondrion,,0.5041000247001648,0.13920000195503235,0.6776000261306763,0.2184000015258789,0.7208999991416931,0.1225999966263771,0.03689999878406525,0.0625,0.07750000059604645,0.04529999941587448
sample230_GFP_fused,Cytoplasm,,0.5697000026702881,0.19200000166893005,0.24770000576972961,0.34950000047683716,0.5946999788284302,0.13459999859333038,0.07890000194311142,0.05139999836683273,0.04179999977350235,0.061799999326467514
sample231_GFP_fused,Extracellular,Signal peptide,0.2678000032901764,0.18469999730587006,0.9100000262260437,0.1996999979019165,0.32339999079704285,0.041600000113248825,0.10949999839067459,0.1509999930858612,0.1185000017285347,0.02810000069439411
sample232_GFP_fused,Cytoplasm,,0.5439000129699707,0.25130000710487366,0.5993000268936157,0.2361000031232834,0.5633000135421753,0.08060000091791153,0.07429999858140945,0.06629999727010727,0.08380000293254852,0.031599998474121094
sample233_GFP_fused,Plastid,Chloroplast transit peptide,0.28290000557899475,0.12129999697208405,0.09839999675750732,0.10260000079870224,0.2621000111103058,0.7504000067710876,0.03750000149011612,0.04149999842047691,0.032999999821186066,0.04430000111460686
sample234_GFP_fused,Extracellular,Signal peptide,0.11490000039339066,0.04399999976158142,0.8453999757766724,0.1331000030040741,0.10450000315904617,0.0026000000070780516,0.18449999392032623,0.23849999904632568,0.15240000188350677,0.003700000001117587
sample235_GFP_fused,Extracellular,Signal peptide,0.18619999289512634,0.10499999672174454,0.8823999762535095,0.20360000431537628,0.14959999918937683,0.01850000023841858,0.1729000061750412,0.12690000236034393,0.17880000174045563,0.025100000202655792
sample236_GFP_fused,Extracellular,Signal peptide,0.35100001096725464,0.2621000111103058,0.8119000196456909,0.2822999954223633,0.37560001015663147,0.05990000069141388,0.1979999989271164,0.2231999933719635,0.09470000118017197,0.024900000542402267
sample237_GFP_fused,Nucleus|Extracellular,,0.3930000066757202,0.5503000020980835,0.8019000291824341,0.05550000071525574,0.21889999508857727,0.1673000007867813,0.016599999740719795,0.08139999955892563,0.06589999794960022,0.02969999983906746
sample238_GFP_fused,Plastid,,0.3847000002861023,0.15919999778270721,0.4514000117778778,0.12729999423027039,0.3402999937534332,0.5415999889373779,0.09960000216960907,0.053300000727176666,0.057100001722574234,0.09459999948740005
sample239_GFP_fused,Mitochondrion,Mitochondrial transit peptide,0.3889999985694885,0.17339999973773956,0.2313999980688095,0.17339999973773956,0.8302000164985657,0.029100000858306885,0.017400000244379044,0.11270000040531158,0.0421999990940094,0.11270000040531158
sample240_GFP_fused,Mitochondrion,Mitochondrial transit peptide,0.17829999327659607,0.1193000003695488,0.18129999935626984,0.07980000227689743,0.8751000165939331,0.008700000122189522,0.011500000022351742,0.05950000137090683,0.04919999837875366,0.0071000000461936
sample241_GFP_fused,Mitochondrion,Mitochondrial transit peptide,0.37209999561309814,0.12269999831914902,0.2976999878883362,0.18129999935626984,0.7972999811172485,0.04490000009536743,0.039500001817941666,0.07569999992847443,0.05909999832510948,0.033399999141693115
sample242_GFP_fused,Cytoplasm|Extracellular,,0.6427000164985657,0.32760000228881836,0.6208000183105469,0.32899999618530273,0.5537999868392944,0.08169999718666077,0.298799991607666,0.16279999911785126,0.19329999387264252,0.0340999998152256
sample243_GFP_fused,Cytoplasm|Mitochondrion,Mitochondrial transit peptide,0.5544999837875366,0.21400000154972076,0.3901999890804291,0.06279999762773514,0.6366999745368958,0.18000000715255737,0.04699999839067459,0.03099999949336052,0.038600001484155655,0.08420000225305557
sample244_GFP_fused,Mitochondrion,Mitochondrial transit peptide,0.23929999768733978,0.1624000072479248,0.2531999945640564,0.10080000013113022,0.9025999903678894,0.009999999776482582,0.01549999974668026,0.10400000214576721,0.06499999761581421,0.10729999840259552
sample245_GFP_fused,Cytoplasm|Extracellular,,0.5566999912261963,0.37459999322891235,0.9121000170707703,0.20730000734329224,0.3562000095844269,0.1281999945640564,0.1274999976158142,0.10520000010728836,0.19580000638961792,0.019999999552965164
sample246_GFP_fused,Cytoplasm|Extracellular,,0.5267999768257141,0.303600013256073,0.7976999878883362,0.17149999737739563,0.4153999984264374,0.04410000145435333,0.026100000366568565,0.1257999986410141,0.08760000020265579,0.17020000517368317
sample247_GFP_fused,Mitochondrion,Mitochondrial transit peptide,0.36880001425743103,0.30640000104904175,0.31630000472068787,0.10790000110864639,0.8913999795913696,0.032499998807907104,0.0071000000461936,0.05999999865889549,0.030500000342726707,0.12489999830722809
sample248_GFP_fused,Cytoplasm,,0.7085000276565552,0.3504999876022339,0.4447999894618988,0.3188000023365021,0.45509999990463257,0.08789999783039093,0.20739999413490295,0.14010000228881836,0.14219999313354492,0.02329999953508377
sample249_GFP_fused,Mitochondrion,Signal peptide,0.29510000348091125,0.11410000175237656,0.5999000072479248,0.17509999871253967,0.6292999982833862,0.013700000010430813,0.09529999643564224,0.11410000175237656,0.0940999984741211,0.14900000393390656
sample250_GFP_fused,Cytoplasm,,0.5188000202178955,0.4352000057697296,0.44909998774528503,0.17010000348091125,0.5532000064849854,0.05469999834895134,0.11919999867677689,0.05689999833703041,0.04360000044107437,0.01810000091791153
sample251_GFP_fused,Cytoplasm|Extracellular,Signal peptide,0.49459999799728394,0.2513999938964844,0.819599986076355,0.259799987077713,0.36250001192092896,0.07450000196695328,0.06669999659061432,0.1348000019788742,0.14959999918937683,0.06040000170469284
sample252_GFP_fused,Cytoplasm|Extracellular,,0.5146999955177307,0.2971000075340271,0.6348999738693237,0.21209999918937683,0.5791000127792358,0.0869000032544136,0.07509999722242355,0.08479999750852585,0.08900000154972076,0.038100000470876694
sample253_GFP_fused,Mitochondrion,Mitochondrial transit peptide,0.42170000076293945,0.2224999964237213,0.42399999499320984,0.188400000333786,0.8623999953269958,0.02979999966919422,0.014499999582767487,0.07119999825954437,0.0272000003606081,0.05180000141263008
sample254_GFP_fused,Mitochondrion,Mitochondrial transit peptide,0.37290000915527344,0.1581999957561493,0.6043999791145325,0.18780000507831573,0.7741000056266785,0.03929999843239784,0.09139999747276306,0.11129999905824661,0.147599995136261,0.05119999870657921
sample255_GFP_fused,Cytoplasm,,0.5720000267028809,0.4830000102519989,0.47760000824928284,0.21979999542236328,0.5975000262260437,0.0786999985575676,0.15309999883174896,0.055399999022483826,0.06970000267028809,0.03280000016093254
sample256_GFP_fused,Cytoplasm|Extracellular,,0.5169000029563904,0.35409998893737793,0.791100025177002,0.3425000011920929,0.42989999055862427,0.0997999981045723,0.0892999991774559,0.08749999850988388,0.07720000296831131,0.022299999371170998
sample257_GFP_fused,Mitochondrion,,0.2906000018119812,0.11760000139474869,0.21379999816417694,0.16110000014305115,0.7577000260353088,0.0917000025510788,0.04039999842643738,0.1972000002861023,0.15800000727176666,0.4284000098705292
sample258_GFP_fused,Cytoplasm|Extracellular,,0.618399977684021,0.38040000200271606,0.6563000082969666,0.30970001220703125,0.4950999915599823,0.1469999998807907,0.10369999706745148,0.08900000154972076,0.07760000228881836,0.01549999974668026
sample259_GFP_fused,Extracellular,Signal peptide,0.17329999804496765,0.054499998688697815,0.6577000021934509,0.34610000252723694,0.09780000150203705,0.13830000162124634,0.16680000722408295,0.34200000762939453,0.6491000056266785,0.2289000004529953
sample260_GFP_fused,Mitochondrion,Mitochondrial transit peptide,0.3264000117778778,0.07440000027418137,0.3540000021457672,0.1378999948501587,0.8697999715805054,0.018200000748038292,0.034299999475479126,0.10450000315904617,0.0869000032544136,0.03629999980330467
sample261_GFP_fused,Mitochondrion,Mitochondrial transit peptide,0.36469998955726624,0.1404999941587448,0.5514000058174133,0.10119999945163727,0.9110000133514404,0.043699998408555984,0.05779999867081642,0.08980000019073486,0.1080000028014183,0.029899999499320984
sample262_GFP_fused,Cytoplasm|Extracellular,,0.564300000667572,0.4643000066280365,0.8141000270843506,0.18799999356269836,0.31470000743865967,0.045899998396635056,0.058800000697374344,0.08049999922513962,0.05950000137090683,0.02800000086426735
sample263_GFP_fused,Extracellular,,0.387800008058548,0.38510000705718994,0.8787999749183655,0.09200000017881393,0.13989999890327454,0.04309999942779541,0.021700000390410423,0.09009999781847,0.08060000091791153,0.11320000141859055
sample264_GFP_fused,Extracellular,Signal peptide,0.17560000717639923,0.05620000138878822,0.569599986076355,0.3086000084877014,0.1462000012397766,0.193900004029274,0.15950000286102295,0.23569999635219574,0.5432999730110168,0.27880001068115234
sample265_GFP_fused,Extracellular,,0.4514000117778778,0.34599998593330383,0.7896000146865845,0.10320000350475311,0.6172999739646912,0.11400000005960464,0.03020000085234642,0.05609999969601631,0.06199999898672104,0.2037000060081482
sample266_GFP_fused,Mitochondrion,,0.23800000548362732,0.0997999981045723,0.38089999556541443,0.11230000108480453,0.680899977684021,0.044599998742341995,0.008999999612569809,0.10830000042915344,0.08879999816417694,0.07349999994039536
sample267_GFP_fused,Cytoplasm,,0.5792999863624573,0.39320001006126404,0.5188000202178955,0.2379000037908554,0.619700014591217,0.03220000118017197,0.15850000083446503,0.07129999995231628,0.050999999046325684,0.04809999838471413
sample268_GFP_fused,Cytoplasm,,0.6320000290870667,0.3804999887943268,0.52920001745224,0.23680000007152557,0.36660000681877136,0.08829999715089798,0.12489999830722809,0.07699999958276749,0.09549999982118607,0.007000000216066837
sample269_GFP_fused,Extracellular,,0.40070000290870667,0.4875999987125397,0.7766000032424927,0.12929999828338623,0.2718999981880188,0.03500000014901161,0.07289999723434448,0.08829999715089798,0.07050000131130219,0.09319999814033508
sample270_GFP_fused,Cytoplasm,Nuclear localization signal,0.6651999950408936,0.4433000087738037,0.5471000075340271,0.14489999413490295,0.48649999499320984,0.06539999693632126,0.0731000006198883,0.08940000087022781,0.08380000293254852,0.022700000554323196
sample271_GFP_fused,Cytoplasm|Extracellular,,0.4997999966144562,0.37310001254081726,0.7310000061988831,0.14949999749660492,0.4772999882698059,0.05739999935030937,0.04879999905824661,0.06279999762773514,0.057500001043081284,0.04899999871850014
sample272_GFP_fused,Cytoplasm|Extracellular,,0.5406000018119812,0.24819999933242798,0.6779000163078308,0.21379999816417694,0.5609999895095825,0.1932000070810318,0.07959999889135361,0.12110000103712082,0.08810000121593475,0.046300001442432404
sample273_GFP_fused,Mitochondrion,Mitochondrial transit peptide,0.3562999963760376,0.1242000013589859,0.14159999787807465,0.07339999824762344,0.9423999786376953,0.1462000012397766,0.04019999876618385,0.035999998450279236,0.043699998408555984,0.06069999933242798
sample274_GFP_fused,Mitochondrion,Mitochondrial transit peptide,0.2621999979019165,0.1527000069618225,0.24379999935626984,0.05350000038743019,0.945900022983551,0.011599999852478504,0.04100000113248825,0.03269999846816063,0.043699998408555984,0.008200000040233135
sample275_GFP_fused,Cytoplasm|Extracellular,,0.6226000189781189,0.2386000007390976,0.6998999714851379,0.13220000267028809,0.241799995303154,0.06360000371932983,0.041099999099969864,0.05389999970793724,0.08540000021457672,0.03849999979138374
sample276_GFP_fused,Cytoplasm|Extracellular,,0.6262000203132629,0.33410000801086426,0.6362000107765198,0.3215999901294708,0.4375999867916107,0.1031000018119812,0.14319999516010284,0.09719999879598618,0.11620000004768372,0.008100000210106373
sample277_GFP_fused,Mitochondrion,Mitochondrial transit peptide,0.34860000014305115,0.15399999916553497,0.3188000023365021,0.08919999748468399,0.8779000043869019,0.01590000092983246,0.010599999688565731,0.07590000331401825,0.04659999907016754,0.12929999828338623
sample278_GFP_fused,Cytoplasm|Mitochondrion,,0.608299970626831,0.3361999988555908,0.5023000240325928,0.1492999941110611,0.6593000292778015,0.04410000145435333,0.03370000049471855,0.04699999839067459,0.04569999873638153,0.08630000054836273
sample279_GFP_fused,Cytoplasm|Extracellular,,0.6625000238418579,0.30570000410079956,0.7635999917984009,0.17090000212192535,0.4066999852657318,0.09040000289678574,0.0786999985575676,0.08429999649524689,0.0820000022649765,0.014499999582767487
sample280_GFP_fused,Extracellular|Mitochondrion,,0.23589999973773956,0.19120000302791595,0.7185999751091003,0.1746000051498413,0.7542999982833862,0.030500000342726707,0.027799999341368675,0.07370000332593918,0.04390000179409981,0.16249999403953552
sample281_GFP_fused,Cytoplasm|Extracellular,,0.5803999900817871,0.3424000144004822,0.7598000168800354,0.10109999775886536,0.2777000069618225,0.12319999933242798,0.040699999779462814,0.10869999974966049,0.1354999989271164,0.08969999849796295
sample282_GFP_fused,Mitochondrion,Mitochondrial transit peptide,0.14110000431537628,0.08940000087022781,0.29750001430511475,0.11949999630451202,0.8781999945640564,0.009800000116229057,0.014399999752640724,0.09849999845027924,0.06459999829530716,0.007000000216066837
sample283_GFP_fused,Cytoplasm,Nuclear export signal,0.6909000277519226,0.4025999903678894,0.3479999899864197,0.29739999771118164,0.48980000615119934,0.05640000104904175,0.30550000071525574,0.12389999628067017,0.19869999587535858,0.04899999871850014
sample284_GFP_fused,Mitochondrion,Mitochondrial transit peptide,0.19020000100135803,0.1664000004529953,0.4936000108718872,0.09769999980926514,0.8428999781608582,0.02250000089406967,0.03370000049471855,0.06379999965429306,0.03579999879002571,0.05220000073313713
sample285_GFP_fused,Mitochondrion,Mitochondrial transit peptide,0.21850000321865082,0.09380000084638596,0.2508000135421753,0.12139999866485596,0.817799985408783,0.010200000368058681,0.018200000748038292,0.10329999774694443,0.10859999805688858,0.06949999928474426
sample286_GFP_fused,Mitochondrion,Mitochondrial transit peptide,0.2021999955177307,0.09239999949932098,0.11959999799728394,0.0908999964594841,0.8655999898910522,0.0957999974489212,0.025299999862909317,0.07959999889135361,0.06679999828338623,0.05739999935030937
sample287_GFP_fused,Cytoplasm|Mitochondrion,,0.6062999963760376,0.44929999113082886,0.4959000051021576,0.0934000015258789,0.6500999927520752,0.06859999895095825,0.03620000183582306,0.04529999941587448,0.04349999874830246,0.031099999323487282
sample288_GFP_fused,Extracellular,Signal peptide,0.24150000512599945,0.1453000009059906,0.8180000185966492,0.13920000195503235,0.26420000195503235,0.010499999858438969,0.16220000386238098,0.11959999799728394,0.18619999289512634,0.04010000079870224
sample289_GFP_fused,Cytoplasm|Extracellular,,0.5080999732017517,0.39329999685287476,0.7190999984741211,0.20980000495910645,0.4422000050544739,0.06700000166893005,0.07109999656677246,0.04500000178813934,0.07609999924898148,0.02370000071823597
sample290_GFP_fused,Extracellular,Signal peptide,0.1632000058889389,0.09279999881982803,0.9484000205993652,0.13089999556541443,0.14100000262260437,0.019600000232458115,0.16259999573230743,0.16300000250339508,0.15880000591278076,0.005900000222027302
sample291_GFP_fused,Extracellular,,0.4422000050544739,0.36629998683929443,0.7815999984741211,0.21549999713897705,0.4982999861240387,0.03480000048875809,0.08449999988079071,0.14139999449253082,0.1088000014424324,0.11869999766349792
sample292_GFP_fused,Mitochondrion,Mitochondrial transit peptide,0.27469998598098755,0.13899999856948853,0.38580000400543213,0.09220000356435776,0.9038000106811523,0.007699999958276749,0.029500000178813934,0.06840000301599503,0.05270000174641609,0.0640999972820282
sample293_GFP_fused,Mitochondrion,Mitochondrial transit peptide,0.23399999737739563,0.12520000338554382,0.36070001125335693,0.27309998869895935,0.8378999829292297,0.015300000086426735,0.05290000140666962,0.07729999721050262,0.043299999088048935,0.24289999902248383
sample294_GFP_fused,Cytoplasm,,0.675599992275238,0.36570000648498535,0.4250999987125397,0.3221000134944916,0.5304999947547913,0.08789999783039093,0.29330000281333923,0.11729999631643295,0.1808999925851822,0.04500000178813934
sample295_GFP_fused,Extracellular,Signal peptide,0.210999995470047,0.14550000429153442,0.6620000004768372,0.34439998865127563,0.17219999432563782,0.042399998754262924,0.16200000047683716,0.3287000060081482,0.36070001125335693,0.2506999969482422
sample296_GFP_fused,Mitochondrion,Mitochondrial transit peptide,0.2678999900817871,0.09880000352859497,0.2827000021934509,0.12809999287128448,0.8251000046730042,0.09889999777078629,0.0421999990940094,0.07259999960660934,0.08240000158548355,0.3111000061035156
sample297_GFP_fused,Cytoplasm|Extracellular,,0.5185999870300293,0.3621000051498413,0.645799994468689,0.3382999897003174,0.39399999380111694,0.04820000007748604,0.07739999890327454,0.093299999833107,0.11400000005960464,0.0052999998442828655
sample298_GFP_fused,Cytoplasm|Extracellular,,0.5806000232696533,0.29910001158714294,0.6577000021934509,0.36629998683929443,0.5034999847412109,0.0820000022649765,0.125,0.1404000073671341,0.10589999705553055,0.01510000042617321
sample299_GFP_fused,Cytoplasm,,0.6876000165939331,0.36809998750686646,0.597000002861023,0.15569999814033508,0.2815000116825104,0.04690000042319298,0.04650000110268593,0.09719999879598618,0.07959999889135361,0.04800000041723251
sample300_GFP_fused,Extracellular,,0.4684000015258789,0.23430000245571136,0.7235000133514404,0.24719999730587006,0.5270000100135803,0.03150000050663948,0.06350000202655792,0.13590000569820404,0.09529999643564224,0.3547999858856201
sample301_GFP_fused,Mitochondrion,Mitochondrial transit peptide,0.1770000010728836,0.12020000070333481,0.2685000002384186,0.11270000040531158,0.9128999710083008,0.009600000455975533,0.015599999576807022,0.06920000165700912,0.04699999839067459,0.014000000432133675
sample302_GFP_fused,Cytoplasm,,0.7346000075340271,0.3052999973297119,0.424699991941452,0.33079999685287476,0.5587999820709229,0.06689999997615814,0.21639999747276306,0.13009999692440033,0.17180000245571136,0.01600000075995922
sample303_GFP_fused,Extracellular,,0.4101000130176544,0.22689999639987946,0.6202999949455261,0.08959999680519104,0.2295999974012375,0.2070000022649765,0.012299999594688416,0.04010000079870224,0.05790000036358833,0.006200000178068876
sample304_GFP_fused,Cytoplasm|Extracellular,,0.5899999737739563,0.39910000562667847,0.6956999897956848,0.18459999561309814,0.41769999265670776,0.04729999974370003,0.06270000338554382,0.1891999989748001,0.2102999985218048,0.07580000162124634
sample305_GFP_fused,Extracellular,Signal peptide,0.3928999900817871,0.27649998664855957,0.704800009727478,0.14329999685287476,0.4697999954223633,0.07639999687671661,0.2418999969959259,0.1006999984383583,0.15080000460147858,0.04839999973773956
sample306_GFP_fused,Cytoplasm,,0.5181999802589417,0.30140000581741333,0.5900999903678894,0.23989999294281006,0.5327000021934509,0.08649999648332596,0.19930000603199005,0.12860000133514404,0.11500000208616257,0.009399999864399433
sample307_GFP_fused,Cytoplasm|Extracellular,,0.5594000220298767,0.3772999942302704,0.713699996471405,0.25060001015663147,0.4487999975681305,0.05290000140666962,0.1860000044107437,0.14309999346733093,0.17139999568462372,0.020400000736117363
sample308_GFP_fused,Mitochondrion,Mitochondrial transit peptide,0.195700004696846,0.14470000565052032,0.29159998893737793,0.09009999781847,0.8604999780654907,0.024900000542402267,0.007600000128149986,0.1014999970793724,0.03920000046491623,0.06469999998807907
sample309_GFP_fused,Extracellular,Signal peptide,0.2070000022649765,0.09799999743700027,0.6974999904632568,0.1404999941587448,0.4966000020503998,0.007000000216066837,0.08330000191926956,0.26750001311302185,0.16249999403953552,0.0272000003606081
sample310_GFP_fused,Cytoplasm|Mitochondrion,Mitochondrial transit peptide,0.6212000250816345,0.2110999971628189,0.39250001311302185,0.17649999260902405,0.7484999895095825,0.06430000066757202,0.04280000180006027,0.07119999825954437,0.050999999046325684,0.044599998742341995
sample311_GFP_fused,Cytoplasm|Extracellular,,0.5952000021934509,0.43050000071525574,0.6697999835014343,0.25029999017715454,0.41370001435279846,0.05350000038743019,0.11150000244379044,0.08250000327825546,0.11079999804496765,0.024700000882148743
sample312_GFP_fused,Extracellular,Signal peptide,0.33649998903274536,0.21130000054836273,0.8421000242233276,0.186599999666214,0.2142000049352646,0.06159999966621399,0.11140000075101852,0.11249999701976776,0.10480000078678131,0.053199999034404755
sample313_GFP_fused,Cytoplasm,,0.6568999886512756,0.3668999969959259,0.3434000015258789,0.3398999869823456,0.5446000099182129,0.08160000294446945,0.1826000064611435,0.10209999978542328,0.09040000289678574,0.0364999994635582
sample314_GFP_fused,Cytoplasm,,0.551800012588501,0.36579999327659607,0.5430999994277954,0.18529999256134033,0.5314000248908997,0.0502999983727932,0.18930000066757202,0.0714000016450882,0.12720000743865967,0.01140000019222498
sample315_GFP_fused,Mitochondrion,Mitochondrial transit peptide,0.45899999141693115,0.16030000150203705,0.39959999918937683,0.08860000222921371,0.6740999817848206,0.0851999968290329,0.023900000378489494,0.040800001472234726,0.047600001096725464,0.06319999694824219
sample316_GFP_fused,Mitochondrion,Mitochondrial transit peptide,0.35440000891685486,0.2451000064611435,0.4178999960422516,0.12809999287128448,0.8495000004768372,0.044199999421834946,0.017899999395012856,0.08250000327825546,0.052799999713897705,0.15160000324249268
sample317_GFP_fused,Mitochondrion,Mitochondrial transit peptide,0.2434999942779541,0.13179999589920044,0.4823000133037567,0.18520000576972961,0.8536999821662903,0.019999999552965164,0.08049999922513962,0.08240000158548355,0.059700001031160355,0.12030000239610672
sample318_GFP_fused,Mitochondrion,Mitochondrial transit peptide,0.31529998779296875,0.25699999928474426,0.2619999945163727,0.04910000041127205,0.7200999855995178,0.07699999958276749,0.004699999932199717,0.02370000071823597,0.028200000524520874,0.06279999762773514
sample319_GFP_fused,Cytoplasm|Extracellular,,0.5544000267982483,0.2563999891281128,0.6216999888420105,0.22220000624656677,0.5885000228881836,0.17710000276565552,0.09529999643564224,0.11590000241994858,0.120899997651577,0.14669999480247498
sample320_GFP_fused,Cytoplasm|Extracellular,,0.5497000217437744,0.319599986076355,0.8335000276565552,0.3125999867916107,0.32589998841285706,0.13189999759197235,0.0738999992609024,0.11509999632835388,0.14380000531673431,0.004600000102072954
sample321_GFP_fused,Extracellular,Signal peptide,0.15129999816417694,0.11810000240802765,0.9484999775886536,0.15780000388622284,0.0697999969124794,0.012199999764561653,0.15080000460147858,0.25450000166893005,0.3409999907016754,0.002400000113993883
sample322_GFP_fused,Cytoplasm|Extracellular,,0.5580999851226807,0.304500013589859,0.833899974822998,0.1339000016450882,0.4643999934196472,0.1216999962925911,0.06759999692440033,0.1307000070810318,0.0812000036239624,0.03720000013709068
sample323_GFP_fused,Cytoplasm,,0.652400016784668,0.39500001072883606,0.4302999973297119,0.29409998655319214,0.4652999937534332,0.057999998331069946,0.26570001244544983,0.13179999589920044,0.16619999706745148,0.01860000006854534
sample324_GFP_fused,Mitochondrion,,0.3944000005722046,0.1940000057220459,0.5710999965667725,0.125900000333786,0.6647999882698059,0.08100000023841858,0.02250000089406967,0.07919999957084656,0.0835999995470047,0.08070000261068344
sample325_GFP_fused,Mitochondrion,,0.3310999870300293,0.2815000116825104,0.49779999256134033,0.2892000079154968,0.7506999969482422,0.10429999977350235,0.438400000333786,0.22020000219345093,0.16670000553131104,0.1404999941587448
sample326_GFP_fused,Mitochondrion,Mitochondrial transit peptide,0.2540999948978424,0.09200000017881393,0.44909998774528503,0.10300000011920929,0.8090999722480774,0.024900000542402267,0.016899999231100082,0.10530000180006027,0.07940000295639038,0.09009999781847
sample327_GFP_fused,Mitochondrion,Mitochondrial transit peptide,0.28839999437332153,0.11479999870061874,0.3970000147819519,0.12729999423027039,0.8586000204086304,0.008500000461935997,0.01360000018030405,0.04410000145435333,0.04280000180006027,0.04839999973773956
sample328_GFP_fused,Mitochondrion,Mitochondrial transit peptide,0.22939999401569366,0.1597999930381775,0.2703000009059906,0.11330000311136246,0.8715999722480774,0.04390000179409981,0.011800000444054604,0.08879999816417694,0.044199999421834946,0.15770000219345093
sample329_GFP_fused,Mitochondrion,Mitochondrial transit peptide,0.3587999939918518,0.12809999287128448,0.38109999895095825,0.14509999752044678,0.8123000264167786,0.010300000198185444,0.019700000062584877,0.12759999930858612,0.09229999780654907,0.04650000110268593
sample330_GFP_fused,Cytoplasm|Mitochondrion,,0.5835999846458435,0.2694000005722046,0.42329999804496765,0.2930000126361847,0.7281000018119812,0.08659999817609787,0.14429999887943268,0.1256999969482422,0.08529999852180481,0.050599999725818634
sample331_GFP_fused,Mitochondrion,Mitochondrial transit peptide,0.2842000126838684,0.11580000072717667,0.335999995470047,0.06030000001192093,0.8924000263214111,0.019500000402331352,0.026900000870227814,0.09719999879598618,0.07639999687671661,0.06629999727010727
sample332_GFP_fused,Cytoplasm|Extracellular|Mitochondrion,Signal peptide,0.47940000891685486,0.19750000536441803,0.7746000289916992,0.13519999384880066,0.6496999859809875,0.1762000024318695,0.0478999987244606,0.0997999981045723,0.13079999387264252,0.131400004029274
sample333_GFP_fused,Cytoplasm,,0.6988000273704529,0.32089999318122864,0.5374000072479248,0.305400013923645,0.48399999737739563,0.07280000299215317,0.22759999334812164,0.15389999747276306,0.21570000052452087,0.02290000021457672
sample334_GFP_fused,Extracellular|Mitochondrion,,0.3921000063419342,0.14550000429153442,0.6700999736785889,0.13459999859333038,0.744700014591217,0.12700000405311584,0.0502999983727932,0.10509999841451645,0.10490000247955322,0.36320000886917114
sample335_GFP_fused,Cytoplasm|Nucleus|Extracellular,Nuclear localization signal,0.5011000037193298,0.635200023651123,0.7283999919891357,0.09740000218153,0.12489999830722809,0.06880000233650208,0.015200000256299973,0.14550000429153442,0.08510000258684158,0.00989999994635582
sample336_GFP_fused,Extracellular,,0.45320001244544983,0.25690001249313354,0.5878999829292297,0.13030000030994415,0.492900013923645,0.042100001126527786,0.031099999323487282,0.049400001764297485,0.03929999843239784,0.07410000264644623
sample337_GFP_fused,Mitochondrion,Mitochondrial transit peptide,0.3720000088214874,0.19050000607967377,0.4115000069141388,0.07769999653100967,0.7573999762535095,0.08269999921321869,0.011699999682605267,0.031700000166893005,0.031099999323487282,0.05550000071525574
sample338_GFP_fused,Cytoplasm|Mitochondrion,,0.6413000226020813,0.2775999903678894,0.4438000023365021,0.24490000307559967,0.6320000290870667,0.08110000193119049,0.09619999676942825,0.07500000298023224,0.06440000236034393,0.008999999612569809
sample339_GFP_fused,Cytoplasm|Extracellular,,0.4936000108718872,0.39820000529289246,0.847000002861023,0.2475000023841858,0.4657999873161316,0.15289999544620514,0.08139999955892563,0.11150000244379044,0.11779999732971191,0.02590000070631504
sample340_GFP_fused,Cytoplasm,,0.5766000151634216,0.482699990272522,0.3224000036716461,0.23479999601840973,0.5763999819755554,0.0560000017285347,0.17059999704360962,0.1062999963760376,0.10740000009536743,0.02969999983906746
sample341_GFP_fused,Cytoplasm,,0.6553000211715698,0.3779999911785126,0.5171999931335449,0.3382999897003174,0.5857999920845032,0.06350000202655792,0.15330000221729279,0.09390000253915787,0.10930000245571136,0.01600000075995922
sample342_GFP_fused,Cytoplasm|Mitochondrion,,0.5378000140190125,0.27149999141693115,0.4659000039100647,0.25859999656677246,0.7166000008583069,0.061400000005960464,0.09640000015497208,0.07599999755620956,0.05469999834895134,0.0340999998152256
sample343_GFP_fused,Extracellular,Signal peptide,0.11699999868869781,0.10740000009536743,0.887499988079071,0.1477999985218048,0.1046999990940094,0.0027000000700354576,0.17149999737739563,0.44830000400543213,0.28760001063346863,0.029100000858306885
sample344_GFP_fused,Cytoplasm|Extracellular,,0.611299991607666,0.37229999899864197,0.7594000101089478,0.24500000476837158,0.32919999957084656,0.1535000056028366,0.08900000154972076,0.08560000360012054,0.1265999972820282,0.013399999588727951
sample345_GFP_fused,Mitochondrion,Mitochondrial transit peptide,0.34369999170303345,0.1316000074148178,0.26739999651908875,0.19629999995231628,0.802299976348877,0.03869999945163727,0.042899999767541885,0.10670000314712524,0.03319999948143959,0.16120000183582306
sample346_GFP_fused,Cytoplasm,,0.6274999976158142,0.3718999922275543,0.3610999882221222,0.15770000219345093,0.5526999831199646,0.05420000106096268,0.08579999953508377,0.032499998807907104,0.049300000071525574,0.02500000037252903
sample347_GFP_fused,Extracellular,Signal peptide,0.3935000002384186,0.20520000159740448,0.9671000242233276,0.18140000104904175,0.3107999861240387,0.06419999897480011,0.05570000037550926,0.15629999339580536,0.1264999955892563,0.3019999861717224
sample348_GFP_fused,Mitochondrion,Mitochondrial transit peptide,0.27059999108314514,0.12349999696016312,0.21400000154972076,0.09260000288486481,0.9344000220298767,0.0215000007301569,0.014100000262260437,0.046300001442432404,0.043299999088048935,0.03530000150203705
sample349_GFP_fused,Cytoplasm,,0.6467999815940857,0.27219998836517334,0.5978000164031982,0.1339000016450882,0.44609999656677246,0.06289999932050705,0.04690000042319298,0.0794999971985817,0.09749999642372131,0.06560000032186508
